Years,Runs,Average,Strike Rate
2018,201,25.12,124.07407407407408
2019,529,35.26,132.9145728643216
2020,503,35.92,140.50279329608938
2021,297,29.7,116.015625
