Years,Runs,Average,Strike Rate
2018,77,19.25,167.3913043478261
2019,220,27.5,165.41353383458647
2020,12,4.0,75.0
2021,357,25.5,137.30769230769232
